date,home_team,away_team,home_goals,away_goals,sede_ciudad,sede_pais,sede_nombre,competicion,odd_home,odd_draw,odd_away,tournament,stadium,MATCH_ID,elo_diff,home_xg,away_xg,home_shots_on,away_shots_on,home_shots_off,away_shots_off,home_possession,away_possession,home_yellow,away_yellow,home_red,away_red,home_corners,away_corners
2019-07-24 00:30:00,Chicago Fire,Cruz Azul,0.0,2.0,"Bridgeview, Illinois",USA,SeatGeek Stadium,leagues_cup,,,,Leagues Cup,,20190724_Chicago-Fire_Cruz-Azul,0.0,0.58,0.94,0,5,0,11,44.3,55.7,3,0,0,0,2,2
2019-07-24 03:00:00,Los Angeles Galaxy,Club Tijuana,2.0,2.0,"Carson, California",USA,Dignity Health Sports Park,leagues_cup,,,,Leagues Cup,,20190724_Los-Angeles-Galaxy_Club-Tijuana,0.0,0.5,0.58,2,2,6,2,47.5,52.5,2,1,0,0,2,2
2019-07-25 00:30:00,Houston Dynamo,Club America,1.0,1.0,"Houston, Texas",USA,Shell Energy Stadium,leagues_cup,,,,Leagues Cup,,20190725_Houston-Dynamo_Club-America,0.0,0.41,0.69,3,2,5,5,47.9,52.1,2,3,0,0,2,3
2019-07-25 02:30:00,Real Salt Lake,Tigres UANL,0.0,1.0,"Sandy, Utah",USA,America First Field,leagues_cup,,,,Leagues Cup,,20190725_Real-Salt-Lake_Tigres-UANL,0.0,0.91,1.24,2,4,5,8,56.1,43.9,1,5,0,0,7,7
2019-08-21 00:30:00,Club America,Tigres UANL,2.0,2.0,"Houston, Texas",USA,Shell Energy Stadium,leagues_cup,,,,Leagues Cup,,20190821_Club-America_Tigres-UANL,-12.0,0.87,0.32,3,2,6,5,57.7,42.3,1,1,0,0,2,5
2019-08-21 02:30:00,Cruz Azul,Los Angeles Galaxy,2.0,1.0,"Carson, California",USA,Dignity Health Sports Park,leagues_cup,,,,Leagues Cup,,20190821_Cruz-Azul_Los-Angeles-Galaxy,12.0,0.86,0.76,3,3,9,5,47.9,52.1,3,0,0,0,4,8
2019-09-19 02:30:00,Tigres UANL,Cruz Azul,1.0,2.0,,,Sam Boyd Stadium,leagues_cup,,,,Leagues Cup,,20190919_Tigres-UANL_Cruz-Azul,-12.0,0.49,0.35,1,2,1,3,52.7,47.3,1,2,0,1,1,4
2021-08-11 00:00:00,Sporting Kansas City,Club Leon,1.0,6.0,,,,leagues_cup,,,,Leagues Cup,,20210811_Sporting-Kansas-City_Club-Leon,0.0,1.64,2.23,5,6,10,15,56.7,43.3,1,5,0,0,8,16
2021-08-11 02:00:00,Seattle Sounders,Tigres UANL,3.0,0.0,,,,leagues_cup,,,,Leagues Cup,,20210811_Seattle-Sounders_Tigres-UANL,0.0,1.49,0.76,4,3,9,7,53.5,46.5,3,2,0,0,4,1
2021-08-12 02:58:00,New York City,UNAM Pumas,1.0,1.0,,,,leagues_cup,,,,Leagues Cup,,20210812_New-York-City_UNAM-Pumas,0.0,1.07,1.74,4,6,7,12,43.9,56.1,4,0,0,0,10,8
2021-08-12 23:00:00,Orlando City,Santos Laguna,0.0,1.0,,,,leagues_cup,,,,Leagues Cup,,20210812_Orlando-City_Santos-Laguna,0.0,1.67,1.0,7,4,14,7,58.7,41.3,3,1,0,0,5,5
2021-09-15 02:00:00,Seattle Sounders,Santos Laguna,1.0,0.0,"Seattle, Washington",USA,Lumen Field,leagues_cup,,,,Leagues Cup,,20210915_Seattle-Sounders_Santos-Laguna,0.0,1.39,1.11,5,2,9,5,48.0,52.0,4,3,0,0,8,4
2021-09-16 03:00:00,Club Leon,UNAM Pumas,2.0,0.0,"Houston, Texas",USA,Shell Energy Stadium,leagues_cup,,,,Leagues Cup,,20210916_Club-Leon_UNAM-Pumas,12.0,1.64,0.05,5,1,10,1,49.2,50.8,1,3,1,0,4,2
2021-09-23 02:00:00,Club Leon,Seattle Sounders,3.0,2.0,"Las Vegas, Nevada",USA,Allegiant Stadium,leagues_cup,,,,Leagues Cup,,20210923_Club-Leon_Seattle-Sounders,-0.4143005863770668,2.02,1.54,5,4,12,11,50.9,49.1,2,1,0,0,9,3
2023-07-22 00:00:00,Cruz Azul,Inter Miami,1.0,2.0,"Fort Lauderdale, Florida",USA,Chase Stadium,leagues_cup,,,,Leagues Cup,,20230722_Cruz-Azul_Inter-Miami,35.171398827245866,1.63,1.47,3,4,6,7,52.1,47.9,1,0,0,0,6,3
2023-07-22 00:00:00,Orlando City,Houston Dynamo,1.0,1.0,"Orlando, Florida",USA,Inter&Co Stadium,leagues_cup,,,,Leagues Cup,,20230722_Orlando-City_Houston-Dynamo,-12.0,1.05,1.66,2,6,2,12,52.3,47.7,1,1,0,1,1,3
2023-07-22 00:30:00,Austin FC,Mazatlan FC,1.0,3.0,"Austin, Texas",USA,Q2 Stadium,leagues_cup,,,,Leagues Cup,,20230722_Austin-FC_Mazatlan-FC,0.0,0.85,1.85,2,6,3,14,56.7,43.3,0,1,0,0,3,6
2023-07-22 01:00:00,FC Dallas,Charlotte,2.0,2.0,Toyota Stadium,USA,Toyota Stadium,leagues_cup,,,,Leagues Cup,,20230722_FC-Dallas_Charlotte,0.0,0.54,1.61,2,5,5,11,48.5,51.5,1,4,0,0,6,6
2023-07-22 02:30:00,Club Leon,Vancouver Whitecaps,2.0,2.0,Vancouver,Canada,BC Place,leagues_cup,,,,Leagues Cup,,20230722_Club-Leon_Vancouver-Whitecaps,35.600008842153784,1.6,1.13,5,3,11,5,57.5,42.5,2,2,0,0,9,0
2023-07-22 23:30:00,CF Montreal,UNAM Pumas,2.0,2.0,Montreal,Canada,Stade Saputo,leagues_cup,,,,Leagues Cup,,20230722_CF-Montreal_UNAM-Pumas,11.585699413622933,0.84,1.38,2,5,4,11,44.9,55.1,1,1,0,0,4,8
2023-07-22 23:30:00,New York Red Bulls,New England Revolution,0.0,0.0,"Harrison, New Jersey",USA,Sports Illustrated Stadium,leagues_cup,,,,Leagues Cup,,20230722_New-York-Red-Bulls_New-England-Revolution,0.0,1.13,0.97,6,5,14,12,49.1,50.9,4,1,0,0,2,2
2023-07-23 00:00:00,Philadelphia Union,Club Tijuana,3.0,1.0,"Chester, Pennsylvania",USA,Subaru Park,leagues_cup,,,,Leagues Cup,,20230723_Philadelphia-Union_Club-Tijuana,0.0,1.25,1.68,5,6,9,13,43.1,56.9,2,2,1,0,4,6
2023-07-23 01:30:00,Real Salt Lake,Seattle Sounders,3.0,0.0,"Sandy, Utah",USA,America First Field,leagues_cup,,,,Leagues Cup,,20230723_Real-Salt-Lake_Seattle-Sounders,-23.98569057146915,1.2,0.79,4,1,8,1,53.9,46.1,0,3,0,0,3,1
2023-07-23 02:00:00,Portland Timbers,San Jose Earthquakes,2.0,0.0,"Portland, Oregon",USA,Providence Park,leagues_cup,,,,Leagues Cup,,20230723_Portland-Timbers_San-Jose-Earthquakes,0.0,1.14,0.13,4,1,7,0,49.3,50.7,1,4,0,0,7,2
2023-07-23 23:00:00,New York City,Atlas,0.0,1.0,"New York, New York",USA,Citi Field,leagues_cup,,,,Leagues Cup,,20230723_New-York-City_Atlas,0.0,0.45,0.76,2,5,5,11,50.6,49.4,0,4,0,1,5,5
2023-07-23 23:30:00,FC Cincinnati,Sporting Kansas City,3.0,3.0,"Cincinnati, Ohio",USA,TQL Stadium,leagues_cup,,,,Leagues Cup,,20230723_FC-Cincinnati_Sporting-Kansas-City,12.0,1.44,1.93,5,9,10,20,53.5,46.5,3,3,0,0,4,10
2023-07-24 00:30:00,Nashville SC,Colorado Rapids,2.0,1.0,"Nashville, Tennessee",USA,GEODIS Park,leagues_cup,,,,Leagues Cup,,20230724_Nashville-SC_Colorado-Rapids,0.0,1.77,0.54,6,2,14,4,51.0,49.0,2,2,1,0,2,2
2023-07-24 01:00:00,Puebla,Minnesota United,0.0,4.0,"Saint Paul, Minnesota",USA,Allianz Field,leagues_cup,,,,Leagues Cup,,20230724_Puebla_Minnesota-United,0.0,0.64,2.32,3,6,9,12,44.1,55.9,3,1,0,0,7,5
2023-07-24 03:16:00,Columbus Crew,St. Louis City,2.0,1.0,"Columbus, Ohio",USA,ScottsMiracle-Gro Field,leagues_cup,,,,Leagues Cup,,20230724_Columbus-Crew_St.-Louis-City,0.0,1.29,1.24,3,4,8,10,51.1,48.9,1,0,0,0,7,5
2023-07-25 23:30:00,Inter Miami,Atlanta Utd,4.0,0.0,"Fort Lauderdale, Florida",USA,Chase Stadium,leagues_cup,,,,Leagues Cup,,20230725_Inter-Miami_Atlanta-Utd,13.210644421079905,1.8,0.24,6,0,14,2,48.9,51.1,2,1,0,0,5,1
2023-07-26 00:30:00,Santos Laguna,Houston Dynamo,2.0,2.0,"Houston, Texas",USA,Shell Energy Stadium,leagues_cup,,,,Leagues Cup,,20230726_Santos-Laguna_Houston-Dynamo,0.4143005863770668,1.11,0.76,3,2,8,3,49.7,50.3,1,1,0,0,3,3
2023-07-26 01:30:00,FC Dallas,Necaxa,3.0,0.0,Toyota Stadium,USA,Toyota Stadium,leagues_cup,,,,Leagues Cup,,20230726_FC-Dallas_Necaxa,0.0,1.06,1.22,3,5,7,13,52.5,47.5,3,4,0,0,4,3
2023-07-26 01:30:00,Mazatlan FC,Juarez,1.0,1.0,"Austin, Texas",USA,Q2 Stadium,leagues_cup,,,,Leagues Cup,,20230726_Mazatlan-FC_Juarez,12.0,0.94,0.3,3,2,5,4,52.2,47.8,3,1,1,0,2,1
2023-07-26 23:30:00,Atl. San Luis,New England Revolution,1.0,5.0,"Foxborough, Massachusetts",USA,Gillette Stadium,leagues_cup,,,,Leagues Cup,,20230726_Atl.-San-Luis_New-England-Revolution,0.0,1.19,1.94,3,6,7,12,48.6,51.4,2,1,0,0,3,9
2023-07-26 23:30:00,CF Montreal,DC United,0.0,1.0,Montreal,Canada,Stade Saputo,leagues_cup,,,,Leagues Cup,,20230726_CF-Montreal_DC-United,-0.4000076259508205,0.14,1.41,0,4,0,8,46.1,53.9,1,2,0,0,1,5
2023-07-26 23:30:00,New York City,Toronto FC,5.0,0.0,"Harrison, New Jersey",USA,Sports Illustrated Stadium,leagues_cup,,,,Leagues Cup,,20230726_New-York-City_Toronto-FC,-12.0,1.9,0.05,8,0,18,0,47.7,52.3,1,0,0,0,14,9
2023-07-26 23:30:00,Philadelphia Union,Queretaro,5.0,1.0,"Chester, Pennsylvania",USA,Subaru Park,leagues_cup,,,,Leagues Cup,,20230726_Philadelphia-Union_Queretaro,12.0,1.7,0.18,6,1,12,2,51.9,48.1,1,4,0,0,5,4
2023-07-27 01:30:00,Monterrey,Real Salt Lake,3.0,0.0,"Sandy, Utah",USA,America First Field,leagues_cup,,,,Leagues Cup,,20230727_Monterrey_Real-Salt-Lake,-0.8271227927348264,1.1,0.89,3,3,6,4,56.9,43.1,0,2,0,0,6,4
2023-07-27 02:30:00,Los Angeles Galaxy,Club Leon,0.0,1.0,"Carson, California",USA,Dignity Health Sports Park,leagues_cup,,,,Leagues Cup,,20230727_Los-Angeles-Galaxy_Club-Leon,-45.960412674696954,1.04,1.21,4,3,6,8,46.1,53.9,2,2,0,0,6,6
2023-07-27 03:00:00,Tigres UANL,Portland Timbers,2.0,1.0,"Portland, Oregon",USA,Providence Park,leagues_cup,,,,Leagues Cup,,20230727_Tigres-UANL_Portland-Timbers,-24.0,1.24,0.71,5,1,12,0,47.6,52.4,2,1,0,0,3,2
2023-07-28 00:30:00,Minnesota United,Chicago Fire,2.0,3.0,"Saint Paul, Minnesota",USA,Allianz Field,leagues_cup,,,,Leagues Cup,,20230728_Minnesota-United_Chicago-Fire,24.0,1.33,1.28,3,4,4,12,51.8,48.2,1,1,0,0,5,7
2023-07-28 00:30:00,Nashville SC,Toluca,3.0,4.0,"Nashville, Tennessee",USA,GEODIS Park,leagues_cup,,,,Leagues Cup,,20230728_Nashville-SC_Toluca,12.0,1.3,2.29,3,8,7,18,47.7,52.3,2,0,0,0,6,10
2023-07-28 02:00:00,Club America,St. Louis City,4.0,0.0,"St. Louis, Missouri",USA,Energizer Park,leagues_cup,,,,Leagues Cup,,20230728_Club-America_St.-Louis-City,12.414300586377067,1.64,0.29,6,0,11,1,56.7,43.3,3,2,0,0,7,3
2023-07-28 18:05:00,Guadalajara Chivas,FC Cincinnati,1.0,3.0,"Cincinnati, Ohio",USA,TQL Stadium,leagues_cup,,,,Leagues Cup,,20230728_Guadalajara-Chivas_FC-Cincinnati,0.4143005863770668,1.44,1.0,3,3,7,5,50.5,49.5,3,2,0,0,2,3
2023-07-29 23:00:00,Cruz Azul,Atlanta Utd,1.0,1.0,"Atlanta, Georgia",USA,Mercedes-Benz Stadium,leagues_cup,,,,Leagues Cup,,20230729_Cruz-Azul_Atlanta-Utd,33.50469467721905,0.91,1.25,3,3,4,5,52.7,47.3,2,1,0,0,3,5
2023-07-29 23:30:00,Necaxa,Charlotte,1.0,4.0,"Charlotte, North Carolina",USA,Bank of America Stadium,leagues_cup,,,,Leagues Cup,,20230729_Necaxa_Charlotte,-12.0,0.17,1.57,1,4,3,10,50.0,50.0,0,0,0,0,3,2
2023-07-29 23:57:00,Santos Laguna,Orlando City,2.0,3.0,"Orlando, Florida",USA,Inter&Co Stadium,leagues_cup,,,,Leagues Cup,,20230729_Santos-Laguna_Orlando-City,11.571389985092082,1.2,1.07,3,3,7,7,51.6,48.4,3,0,0,0,5,10
2023-07-30 01:00:00,Austin FC,Juarez,1.0,3.0,"Austin, Texas",USA,Q2 Stadium,leagues_cup,,,,Leagues Cup,,20230730_Austin-FC_Juarez,-12.414300586377067,1.68,0.6,7,3,13,6,56.8,43.2,1,4,0,1,8,5
2023-07-30 01:00:00,UNAM Pumas,DC United,3.0,0.0,"Washington, District of Columbia",USA,Audi Field,leagues_cup,,,,Leagues Cup,,20230730_UNAM-Pumas_DC-United,-23.17187601982755,1.59,1.42,5,5,11,11,43.0,57.0,3,4,0,0,6,8
2023-07-30 23:30:00,Atlas,Toronto FC,1.0,0.0,Toronto,Canada,BMO Field,leagues_cup,,,,Leagues Cup,,20230730_Atlas_Toronto-FC,24.414300586377067,0.4,0.83,1,1,1,1,56.1,43.9,0,1,0,0,2,1
2023-07-30 23:30:00,Club Tijuana,Queretaro,0.0,1.0,"Chester, Pennsylvania",USA,Subaru Park,leagues_cup,,,,Leagues Cup,,20230730_Club-Tijuana_Queretaro,-0.4143005863770668,1.11,0.47,4,1,7,5,53.9,46.1,3,1,0,0,0,1
2023-07-30 23:30:00,New York Red Bulls,Atl. San Luis,2.0,1.0,"Harrison, New Jersey",USA,Sports Illustrated Stadium,leagues_cup,,,,Leagues Cup,,20230730_New-York-Red-Bulls_Atl.-San-Luis,12.0,2.63,1.39,9,4,19,10,48.9,51.1,2,0,1,0,10,8
2023-07-31 01:00:00,Los Angeles Galaxy,Vancouver Whitecaps,1.0,2.0,"Carson, California",USA,Dignity Health Sports Park,leagues_cup,,,,Leagues Cup,,20230731_Los-Angeles-Galaxy_Vancouver-Whitecaps,-23.232773748391764,0.1,0.89,1,4,3,8,46.8,53.2,4,0,0,0,4,3
2023-07-31 01:00:00,Monterrey,Seattle Sounders,4.0,2.0,"Seattle, Washington",USA,Lumen Field,leagues_cup,,,,Leagues Cup,,20230731_Monterrey_Seattle-Sounders,12.869999976485815,1.95,0.58,5,2,13,5,50.0,50.0,3,1,0,0,7,3
2023-07-31 03:00:00,Tigres UANL,San Jose Earthquakes,1.0,0.0,"San Jose, California",USA,PayPal Park,leagues_cup,,,,Leagues Cup,,20230731_Tigres-UANL_San-Jose-Earthquakes,12.827614673444032,0.86,1.33,2,4,1,10,44.6,55.4,1,1,1,0,3,9
2023-08-01 00:00:00,Club America,Columbus Crew,1.0,4.0,"Columbus, Ohio",USA,ScottsMiracle-Gro Field,leagues_cup,,,,Leagues Cup,,20230801_Club-America_Columbus-Crew,-0.014291783607177422,0.56,1.84,1,4,2,11,52.1,47.9,2,1,0,0,1,5
2023-08-01 00:00:00,Puebla,Chicago Fire,1.0,1.0,"Bridgeview, Illinois",USA,SeatGeek Stadium,leagues_cup,,,,Leagues Cup,,20230801_Puebla_Chicago-Fire,-12.827614673444032,0.25,1.16,1,4,3,9,49.9,50.1,1,3,0,1,0,8
2023-08-01 02:00:00,Guadalajara Chivas,Sporting Kansas City,0.0,1.0,"Kansas City, Kansas",USA,Children's Mercy Park,leagues_cup,,,,Leagues Cup,,20230801_Guadalajara-Chivas_Sporting-Kansas-City,-0.4286100149079175,0.49,0.17,3,1,7,3,45.0,55.0,2,2,0,0,8,0
2023-08-01 03:40:00,Toluca,Colorado Rapids,4.0,1.0,"Commerce City, Colorado",USA,Dick's Sporting Goods Park,leagues_cup,,,,Leagues Cup,,20230801_Toluca_Colorado-Rapids,24.414300586377067,1.43,1.06,4,3,10,6,42.6,57.4,1,1,0,0,5,0
2023-08-03 01:00:00,Mazatlan FC,FC Dallas,1.0,2.0,Toyota Stadium,USA,Toyota Stadium,leagues_cup,,,,Leagues Cup,,20230803_Mazatlan-FC_FC-Dallas,-0.4143005863770668,0.58,0.44,1,2,2,3,45.4,54.6,3,2,0,0,2,3
2023-08-03 01:00:00,Pachuca,Houston Dynamo,0.0,0.0,"Houston, Texas",USA,Shell Energy Stadium,leagues_cup,,,,Leagues Cup,,20230803_Pachuca_Houston-Dynamo,0.3999911578462161,1.13,0.77,4,4,10,8,48.8,51.2,2,1,1,0,3,7
2023-08-03 01:35:00,Inter Miami,Orlando City,3.0,1.0,"Fort Lauderdale, Florida",USA,Chase Stadium,leagues_cup,,,,Leagues Cup,,20230803_Inter-Miami_Orlando-City,23.940770161469345,1.16,0.34,5,1,10,2,45.7,54.3,1,0,0,0,7,3
2023-08-03 02:30:00,Los Angeles FC,Juarez,7.0,1.0,"Los Angeles, California",USA,BMO Stadium,leagues_cup,,,,Leagues Cup,,20230803_Los-Angeles-FC_Juarez,-11.985708216392823,2.94,1.18,9,4,19,8,48.8,51.2,2,1,0,0,10,1
2023-08-04 00:00:00,Atlas,New England Revolution,2.0,2.0,"Foxborough, Massachusetts",USA,Gillette Stadium,leagues_cup,,,,Leagues Cup,,20230804_Atlas_New-England-Revolution,11.158145132947311,1.09,1.3,2,4,4,10,49.0,51.0,2,2,0,0,6,5
2023-08-04 00:00:00,New York Red Bulls,New York City,1.0,0.0,"Harrison, New Jersey",USA,Sports Illustrated Stadium,leagues_cup,,,,Leagues Cup,,20230804_New-York-Red-Bulls_New-York-City,11.171398827245866,1.63,0.45,6,4,13,10,49.6,50.4,2,4,0,0,8,3
2023-08-04 00:00:00,Philadelphia Union,DC United,0.0,0.0,"Chester, Pennsylvania",USA,Subaru Park,leagues_cup,,,,Leagues Cup,,20230804_Philadelphia-Union_DC-United,24.398658888846285,0.72,1.42,2,5,4,10,61.7,38.3,1,1,0,0,5,4
2023-08-04 00:00:00,UNAM Pumas,Queretaro,0.0,1.0,"Washington, District of Columbia",USA,Audi Field,leagues_cup,,,,Leagues Cup,,20230804_UNAM-Pumas_Queretaro,1.2134607618604605,0.78,1.61,4,4,7,7,45.2,54.8,1,0,0,0,4,2
2023-08-04 00:30:00,Charlotte,Cruz Azul,0.0,0.0,Toyota Stadium,USA,Toyota Stadium,leagues_cup,,,,Leagues Cup,,20230804_Charlotte_Cruz-Azul,-9.221417728834467,0.5,0.76,2,4,2,9,44.9,55.1,3,1,0,1,3,5
2023-08-05 00:00:00,Chicago Fire,Club America,0.0,1.0,"Bridgeview, Illinois",USA,SeatGeek Stadium,leagues_cup,,,,Leagues Cup,,20230805_Chicago-Fire_Club-America,0.398563926126144,1.15,0.58,2,1,3,2,57.6,42.4,0,1,0,0,3,6
2023-08-05 00:00:00,Columbus Crew,Minnesota United,3.0,3.0,"Columbus, Ohio",USA,ScottsMiracle-Gro Field,leagues_cup,,,,Leagues Cup,,20230805_Columbus-Crew_Minnesota-United,24.827121052725943,2.1,1.19,6,5,14,13,48.2,51.8,2,3,0,1,2,5
2023-08-05 00:00:00,FC Cincinnati,Nashville SC,1.0,1.0,"Cincinnati, Ohio",USA,TQL Stadium,leagues_cup,,,,Leagues Cup,,20230805_FC-Cincinnati_Nashville-SC,12.01430942853085,0.05,0.22,1,1,2,1,52.0,48.0,2,3,0,0,4,3
2023-08-05 01:00:00,Club Leon,Real Salt Lake,1.0,3.0,"Sandy, Utah",USA,America First Field,leagues_cup,,,,Leagues Cup,,20230805_Club-Leon_Real-Salt-Lake,55.9979369772484,1.68,0.52,4,3,10,7,52.5,47.5,1,0,0,0,8,1
2023-08-05 01:00:00,Toluca,Sporting Kansas City,4.0,1.0,"Kansas City, Kansas",USA,Children's Mercy Park,leagues_cup,,,,Leagues Cup,,20230805_Toluca_Sporting-Kansas-City,23.172948790903092,2.37,0.05,8,1,18,3,41.9,58.1,1,3,0,0,6,4
2023-08-05 02:00:00,Monterrey,Portland Timbers,1.0,0.0,"Portland, Oregon",USA,Providence Park,leagues_cup,,,,Leagues Cup,,20230805_Monterrey_Portland-Timbers,24.411871582293088,1.39,0.93,3,2,6,3,39.9,60.1,0,1,0,0,4,4
2023-08-05 02:30:00,Tigres UANL,Vancouver Whitecaps,1.0,1.0,Vancouver,Canada,BC Place,leagues_cup,,,,Leagues Cup,,20230805_Tigres-UANL_Vancouver-Whitecaps,-0.039292130043577345,0.63,0.05,3,1,7,3,46.5,53.5,0,2,0,0,2,5
2023-08-07 01:30:00,FC Dallas,Inter Miami,4.0,4.0,Toyota Stadium,USA,Toyota Stadium,leagues_cup,,,,Leagues Cup,,20230807_FC-Dallas_Inter-Miami,-11.9433154666483,0.88,1.38,4,4,9,9,50.4,49.6,1,0,0,0,7,5
2023-08-08 00:00:00,Queretaro,New England Revolution,1.0,1.0,"Foxborough, Massachusetts",USA,Gillette Stadium,leagues_cup,,,,Leagues Cup,,20230808_Queretaro_New-England-Revolution,0.056646202133151746,1.3,1.65,5,6,13,14,49.3,50.7,2,2,0,0,2,8
2023-08-08 01:30:00,Charlotte,Houston Dynamo,2.0,1.0,"Houston, Texas",USA,Shell Energy Stadium,leagues_cup,,,,Leagues Cup,,20230808_Charlotte_Houston-Dynamo,12.290297090758486,0.63,0.42,2,1,3,5,51.8,48.2,1,3,0,0,5,1
2023-08-09 00:00:00,Club America,Nashville SC,2.0,2.0,"Nashville, Tennessee",USA,GEODIS Park,leagues_cup,,,,Leagues Cup,,20230809_Club-America_Nashville-SC,11.999474101057785,0.71,0.39,2,2,6,1,50.0,50.0,1,1,0,0,4,1
2023-08-09 00:00:00,Philadelphia Union,New York Red Bulls,1.0,1.0,"Chester, Pennsylvania",USA,Subaru Park,leagues_cup,,,,Leagues Cup,,20230809_Philadelphia-Union_New-York-Red-Bulls,-0.4556037499537524,1.03,1.42,3,4,5,9,55.8,44.2,3,1,0,0,6,9
2023-08-09 00:00:00,Toluca,Minnesota United,2.0,2.0,"Saint Paul, Minnesota",USA,Allianz Field,leagues_cup,,,,Leagues Cup,,20230809_Toluca_Minnesota-United,34.74483798057986,0.23,0.97,2,3,3,6,54.3,45.7,2,3,0,0,4,6
2023-08-09 02:00:00,Tigres UANL,Monterrey,0.0,1.0,"Houston, Texas",USA,Shell Energy Stadium,leagues_cup,,,,Leagues Cup,,20230809_Tigres-UANL_Monterrey,-22.35636265843891,1.44,0.05,5,1,11,2,47.9,52.1,1,3,0,0,5,7
2023-08-09 02:30:00,Los Angeles FC,Real Salt Lake,4.0,0.0,"Los Angeles, California",USA,BMO Stadium,leagues_cup,,,,Leagues Cup,,20230809_Los-Angeles-FC_Real-Salt-Lake,9.697727702046677,1.7,1.57,6,7,14,14,50.0,50.0,1,4,0,0,7,9
2023-08-12 00:30:00,Inter Miami,Charlotte,4.0,0.0,"Fort Lauderdale, Florida",USA,Chase Stadium,leagues_cup,,,,Leagues Cup,,20230812_Inter-Miami_Charlotte,12.036854661601865,1.48,0.76,4,2,8,7,52.2,47.8,3,1,0,0,6,4
2023-08-12 00:30:00,Nashville SC,Minnesota United,5.0,0.0,"Nashville, Tennessee",USA,GEODIS Park,leagues_cup,,,,Leagues Cup,,20230812_Nashville-SC_Minnesota-United,-0.8097107454407251,1.43,1.41,6,5,15,14,41.9,58.1,1,0,0,0,8,4
2023-08-12 01:09:00,Philadelphia Union,Queretaro,2.0,1.0,"Chester, Pennsylvania",USA,Subaru Park,leagues_cup,,,,Leagues Cup,,20230812_Philadelphia-Union_Queretaro,10.320172174625213,1.38,1.33,4,4,9,9,50.3,49.7,3,0,0,0,2,3
2023-08-12 03:00:00,Los Angeles FC,Monterrey,2.0,3.0,"Pasadena, California",USA,Rose Bowl,leagues_cup,,,,Leagues Cup,,20230812_Los-Angeles-FC_Monterrey,-21.89244120133685,0.1,1.79,2,6,4,13,42.7,57.3,2,2,0,0,8,7
2023-08-15 23:00:00,Philadelphia Union,Inter Miami,1.0,4.0,"Chester, Pennsylvania",USA,Subaru Park,leagues_cup,,,,Leagues Cup,,20230815_Philadelphia-Union_Inter-Miami,-12.697312165764743,1.41,1.83,6,4,14,9,46.9,53.1,2,1,0,0,8,9
2023-08-16 01:30:00,Monterrey,Nashville SC,0.0,2.0,"Nashville, Tennessee",USA,GEODIS Park,leagues_cup,,,,Leagues Cup,,20230816_Monterrey_Nashville-SC,44.77350663042398,0.55,1.66,4,4,9,9,53.0,47.0,1,1,0,0,2,3
2023-08-19 22:00:00,Philadelphia Union,Monterrey,3.0,0.0,"Chester, Pennsylvania",USA,Subaru Park,leagues_cup,,,,Leagues Cup,,20230819_Philadelphia-Union_Monterrey,-20.836199701032,0.99,0.96,3,3,6,6,41.0,59.0,3,2,0,0,5,4
2023-08-20 01:00:00,Nashville SC,Inter Miami,1.0,1.0,"Nashville, Tennessee",USA,GEODIS Park,leagues_cup,,,,Leagues Cup,,20230820_Nashville-SC_Inter-Miami,-32.68207392871136,0.79,0.31,2,1,6,2,50.3,49.7,3,3,0,1,4,3
2024-07-27 00:00:00,Atlanta Utd,DC United,3.0,3.0,"Atlanta, Georgia",USA,Mercedes-Benz Stadium,leagues_cup,,,,Leagues Cup,,20240727_Atlanta-Utd_DC-United,-10.418660811287737,1.64,1.87,4,6,8,15,47.4,52.6,1,2,0,0,5,10
2024-07-27 00:00:00,Orlando City,CF Montreal,4.0,1.0,"Orlando, Florida",USA,Inter&Co Stadium,leagues_cup,,,,Leagues Cup,,20240727_Orlando-City_CF-Montreal,2.025585042785451,2.32,0.98,8,2,17,4,55.3,44.7,1,1,0,0,10,4
2024-07-27 01:00:00,UNAM Pumas,Austin FC,2.0,3.0,"Austin, Texas",USA,Q2 Stadium,leagues_cup,,,,Leagues Cup,,20240727_UNAM-Pumas_Austin-FC,13.142948270221268,1.48,1.17,5,4,9,8,44.3,55.7,0,2,0,0,5,2
2024-07-27 02:00:00,Seattle Sounders,Minnesota United,2.0,0.0,"Seattle, Washington",USA,Lumen Field,leagues_cup,,,,Leagues Cup,,20240727_Seattle-Sounders_Minnesota-United,-1.5936418370451975,1.91,0.86,5,3,12,6,43.7,56.3,3,2,0,0,6,2
2024-07-27 03:00:00,Los Angeles FC,Club Tijuana,3.0,0.0,"Los Angeles, California",USA,BMO Stadium,leagues_cup,,,,Leagues Cup,,20240727_Los-Angeles-FC_Club-Tijuana,36.81977641645972,1.39,0.8,4,2,7,1,47.8,52.2,2,4,1,0,11,2
2024-07-28 00:00:00,Houston Dynamo,Atlas,0.0,1.0,"Houston, Texas",USA,Shell Energy Stadium,leagues_cup,,,,Leagues Cup,,20240728_Houston-Dynamo_Atlas,-34.73475000643748,0.58,0.09,2,1,5,4,48.3,51.7,0,4,0,0,2,5
2024-07-28 00:00:00,New England Revolution,Mazatlan FC,1.0,0.0,"Foxborough, Massachusetts",USA,Gillette Stadium,leagues_cup,,,,Leagues Cup,,20240728_New-England-Revolution_Mazatlan-FC,12.787203883552138,1.1,0.88,5,4,13,8,58.0,42.0,0,2,0,0,6,6
2024-07-28 00:00:00,New York Red Bulls,Toronto FC,0.0,0.0,"Harrison, New Jersey",USA,Sports Illustrated Stadium,leagues_cup,,,,Leagues Cup,,20240728_New-York-Red-Bulls_Toronto-FC,46.756695616709976,0.61,0.89,3,2,7,3,53.9,46.1,3,1,0,0,3,1
2024-07-28 00:00:00,Philadelphia Union,Charlotte,1.0,0.0,"Chester, Pennsylvania",USA,Subaru Park,leagues_cup,,,,Leagues Cup,,20240728_Philadelphia-Union_Charlotte,23.6655483420152,1.43,0.55,2,2,6,8,53.7,46.3,1,1,0,0,4,5
2024-07-28 00:00:00,Puebla,Inter Miami,0.0,2.0,"Fort Lauderdale, Florida",USA,Chase Stadium,leagues_cup,,,,Leagues Cup,,20240728_Puebla_Inter-Miami,-69.09440437962212,0.94,1.11,2,4,4,7,48.7,51.3,2,0,0,0,4,5
2024-07-28 01:00:00,St. Louis City,FC Dallas,2.0,1.0,"St. Louis, Missouri",USA,Energizer Park,leagues_cup,,,,Leagues Cup,,20240728_St.-Louis-City_FC-Dallas,-47.969443296115514,1.04,0.77,3,3,4,4,45.7,54.3,2,1,0,1,4,4
2024-07-28 02:00:00,Guadalajara Chivas,San Jose Earthquakes,1.0,1.0,"Santa Clara, California",USA,Levi's Stadium,leagues_cup,,,,Leagues Cup,,20240728_Guadalajara-Chivas_San-Jose-Earthquakes,-0.44235468078204576,0.83,1.01,2,4,4,11,50.1,49.9,1,3,0,0,5,6
2024-07-29 00:00:00,New York City,Queretaro,0.0,0.0,New York City,USA,Yankee Stadium,leagues_cup,,,,Leagues Cup,,20240729_New-York-City_Queretaro,-11.996273154368964,0.81,0.93,4,2,9,6,45.9,54.1,2,2,0,0,2,7
2024-07-29 01:00:00,Sporting Kansas City,Chicago Fire,2.0,1.0,"Kansas City, Kansas",USA,Children's Mercy Park,leagues_cup,,,,Leagues Cup,,20240729_Sporting-Kansas-City_Chicago-Fire,0.8276776647164752,2.19,1.12,7,3,14,6,45.7,54.3,3,1,0,0,11,1
2024-07-29 02:30:00,Club Leon,Portland Timbers,1.0,2.0,"Portland, Oregon",USA,Providence Park,leagues_cup,,,,Leagues Cup,,20240729_Club-Leon_Portland-Timbers,42.86481048933888,1.19,0.62,4,2,6,3,49.1,50.9,1,2,0,0,5,2
2024-07-30 23:00:00,Atl. San Luis,CF Montreal,2.0,3.0,Montreal,Canada,Stade Saputo,leagues_cup,,,,Leagues Cup,,20240730_Atl.-San-Luis_CF-Montreal,0.7305320082737126,1.03,1.68,3,5,9,12,50.8,49.2,1,1,0,0,5,9
2024-07-31 00:00:00,Pachuca,New York Red Bulls,1.0,1.0,"Harrison, New Jersey",USA,Sports Illustrated Stadium,leagues_cup,,,,Leagues Cup,,20240731_Pachuca_New-York-Red-Bulls,-21.592825118957762,1.17,1.52,4,4,6,7,52.5,47.5,2,3,0,0,6,4
2024-07-31 01:00:00,Minnesota United,Necaxa,1.0,0.0,"Saint Paul, Minnesota",USA,Allianz Field,leagues_cup,,,,Leagues Cup,,20240731_Minnesota-United_Necaxa,0.7271778227266168,1.85,1.17,7,3,17,8,47.3,52.7,1,4,0,0,9,2
2024-07-31 01:00:00,Monterrey,Austin FC,0.0,2.0,"Austin, Texas",USA,Q2 Stadium,leagues_cup,,,,Leagues Cup,,20240731_Monterrey_Austin-FC,42.07721835452844,0.08,1.24,0,2,0,4,52.6,47.4,0,1,0,0,2,2
2024-07-31 02:30:00,Los Angeles FC,Vancouver Whitecaps,2.0,2.0,"Los Angeles, California",USA,BMO Stadium,leagues_cup,,,,Leagues Cup,,20240731_Los-Angeles-FC_Vancouver-Whitecaps,11.144414545385416,1.59,1.3,5,4,11,6,53.5,46.5,2,3,0,0,8,2
2024-08-01 00:00:00,Charlotte,Cruz Azul,0.0,0.0,"Charlotte, North Carolina",USA,Bank of America Stadium,leagues_cup,,,,Leagues Cup,,20240801_Charlotte_Cruz-Azul,-19.777199854473565,0.34,0.87,2,2,5,5,45.1,54.9,1,3,0,0,2,2
2024-08-01 00:00:00,Santos Laguna,DC United,0.0,3.0,"Chester, Pennsylvania",USA,Subaru Park,leagues_cup,,,,Leagues Cup,,20240801_Santos-Laguna_DC-United,-12.082441204955785,1.41,0.86,4,4,8,8,46.3,53.7,1,0,0,0,7,1
2024-08-01 01:00:00,FC Dallas,Juarez,0.0,2.0,Toyota Stadium,USA,Toyota Stadium,leagues_cup,,,,Leagues Cup,,20240801_FC-Dallas_Juarez,11.17977711101048,1.75,1.15,4,2,9,4,48.3,51.7,2,2,0,0,8,0
2024-08-01 01:00:00,Nashville SC,Mazatlan FC,0.0,2.0,"Nashville, Tennessee",USA,GEODIS Park,leagues_cup,,,,Leagues Cup,,20240801_Nashville-SC_Mazatlan-FC,39.064677825122544,0.07,1.37,0,5,0,11,48.9,51.1,2,3,0,0,4,2
2024-08-01 01:30:00,Tigres UANL,Puebla,2.0,1.0,"Houston, Texas",USA,Shell Energy Stadium,leagues_cup,,,,Leagues Cup,,20240801_Tigres-UANL_Puebla,22.358905886100956,1.06,0.57,3,1,7,1,51.2,48.8,1,2,0,0,2,4
2024-08-01 02:30:00,San Jose Earthquakes,Los Angeles Galaxy,1.0,2.0,"San Jose, California",USA,PayPal Park,leagues_cup,,,,Leagues Cup,,20240801_San-Jose-Earthquakes_Los-Angeles-Galaxy,9.633811008568728,0.05,1.72,1,4,3,10,53.3,46.7,2,2,0,0,1,5
2024-08-02 00:00:00,FC Cincinnati,Queretaro,1.0,0.0,"Cincinnati, Ohio",USA,TQL Stadium,leagues_cup,,,,Leagues Cup,,20240802_FC-Cincinnati_Queretaro,10.803099364553646,1.8,0.52,6,2,11,4,50.1,49.9,2,3,1,0,9,2
2024-08-02 01:00:00,Real Salt Lake,Atlas,2.0,1.0,"Sandy, Utah",USA,America First Field,leagues_cup,,,,Leagues Cup,,20240802_Real-Salt-Lake_Atlas,-42.526233635694325,1.52,0.73,5,1,11,3,55.1,44.9,1,2,0,0,8,3
2024-08-02 01:00:00,Toluca,Chicago Fire,3.0,1.0,"Bridgeview, Illinois",USA,SeatGeek Stadium,leagues_cup,,,,Leagues Cup,,20240802_Toluca_Chicago-Fire,57.17761865901184,1.38,1.03,4,4,9,9,59.0,41.0,0,3,0,0,3,4
2024-08-02 02:30:00,Portland Timbers,Colorado Rapids,4.0,0.0,"Portland, Oregon",USA,Providence Park,leagues_cup,,,,Leagues Cup,,20240802_Portland-Timbers_Colorado-Rapids,24.645333677273584,2.07,0.05,8,0,19,2,49.8,50.2,0,2,0,0,7,4
2024-08-04 00:00:00,Tigres UANL,Inter Miami,2.0,1.0,"Houston, Texas",USA,NRG Stadium,leagues_cup,,,,Leagues Cup,,20240804_Tigres-UANL_Inter-Miami,-54.79575237343306,1.88,0.76,6,4,13,7,52.0,48.0,1,3,0,0,2,2
2024-08-04 02:00:00,Monterrey,UNAM Pumas,1.0,1.0,"Austin, Texas",USA,Q2 Stadium,leagues_cup,,,,Leagues Cup,,20240804_Monterrey_UNAM-Pumas,40.39548813249053,2.0,0.69,7,2,17,4,53.4,46.6,0,2,0,0,4,4
2024-08-04 02:00:00,Vancouver Whitecaps,Club Tijuana,3.0,1.0,Vancouver,Canada,BC Place,leagues_cup,,,,Leagues Cup,,20240804_Vancouver-Whitecaps_Club-Tijuana,47.52620333997106,1.22,0.36,4,1,11,4,53.3,46.7,1,3,0,0,6,3
2024-08-04 20:00:00,Atlanta Utd,Santos Laguna,0.0,0.0,"Atlanta, Georgia",USA,Mercedes-Benz Stadium,leagues_cup,,,,Leagues Cup,,20240804_Atlanta-Utd_Santos-Laguna,13.966115749972005,0.86,0.16,4,2,8,4,54.1,45.9,0,1,0,0,10,3
2024-08-05 00:00:00,Orlando City,Atl. San Luis,1.0,1.0,"Orlando, Florida",USA,Inter&Co Stadium,leagues_cup,,,,Leagues Cup,,20240805_Orlando-City_Atl.-San-Luis,37.180363806591686,0.84,0.56,4,2,9,5,50.0,50.0,2,0,0,1,1,5
2024-08-05 00:00:00,Pachuca,Toronto FC,1.0,2.0,Toronto,Canada,BMO Field,leagues_cup,,,,Leagues Cup,,20240805_Pachuca_Toronto-FC,22.698221574117497,0.81,1.64,1,7,4,14,52.3,47.7,0,1,0,0,1,7
2024-08-05 00:00:00,Philadelphia Union,Cruz Azul,1.0,1.0,"Chester, Pennsylvania",USA,Subaru Park,leagues_cup,,,,Leagues Cup,,20240805_Philadelphia-Union_Cruz-Azul,26.938457321359465,0.14,0.29,2,1,6,2,51.1,48.9,3,0,0,0,2,2
2024-08-05 01:00:00,St. Louis City,Juarez,1.0,1.0,"St. Louis, Missouri",USA,Energizer Park,leagues_cup,,,,Leagues Cup,,20240805_St.-Louis-City_Juarez,-21.882953006710295,0.97,0.82,3,2,7,3,49.2,50.8,0,2,0,0,9,3
2024-08-05 02:30:00,Guadalajara Chivas,Los Angeles Galaxy,2.0,2.0,"Carson, California",USA,Dignity Health Sports Park,leagues_cup,,,,Leagues Cup,,20240805_Guadalajara-Chivas_Los-Angeles-Galaxy,-3.110641703473675,1.87,0.37,4,2,10,3,46.3,53.7,1,0,0,0,8,4
2024-08-05 02:30:00,Seattle Sounders,Necaxa,1.0,3.0,"Seattle, Washington",USA,Lumen Field,leagues_cup,,,,Leagues Cup,,20240805_Seattle-Sounders_Necaxa,35.218504296230776,1.31,2.41,3,8,7,17,50.7,49.3,0,3,1,0,5,14
2024-08-06 00:00:00,FC Cincinnati,New York City,4.0,2.0,"Cincinnati, Ohio",USA,TQL Stadium,leagues_cup,,,,Leagues Cup,,20240806_FC-Cincinnati_New-York-City,33.598022850168036,1.8,0.92,6,3,13,9,52.1,47.9,3,3,0,0,7,7
2024-08-06 01:00:00,Club Leon,Colorado Rapids,1.0,1.0,"Commerce City, Colorado",USA,Dick's Sporting Goods Park,leagues_cup,,,,Leagues Cup,,20240806_Club-Leon_Colorado-Rapids,51.71428567840735,1.24,1.72,3,5,6,10,48.4,51.6,0,2,0,0,2,5
2024-08-06 01:00:00,Houston Dynamo,Real Salt Lake,3.0,0.0,"Houston, Texas",USA,Shell Energy Stadium,leagues_cup,,,,Leagues Cup,,20240806_Houston-Dynamo_Real-Salt-Lake,-27.278599565943978,1.67,0.81,6,2,12,5,49.4,50.6,1,1,0,0,5,3
2024-08-06 01:00:00,Toluca,Sporting Kansas City,2.0,1.0,"Kansas City, Kansas",USA,Children's Mercy Park,leagues_cup,,,,Leagues Cup,,20240806_Toluca_Sporting-Kansas-City,42.449907319257136,0.05,0.23,2,2,4,4,48.4,51.6,0,3,0,0,5,5
2024-08-06 23:30:00,New England Revolution,Nashville SC,1.0,1.0,"Foxborough, Massachusetts",USA,Gillette Stadium,leagues_cup,,,,Leagues Cup,,20240806_New-England-Revolution_Nashville-SC,10.183204927576526,1.45,1.63,4,6,11,14,58.3,41.7,0,1,0,0,11,6
2024-08-08 02:30:00,Los Angeles FC,Austin FC,2.0,0.0,"Los Angeles, California",USA,BMO Stadium,leagues_cup,,,,Leagues Cup,,20240808_Los-Angeles-FC_Austin-FC,20.853783689160082,1.01,0.82,3,3,6,7,52.8,47.2,3,3,1,0,9,3
2024-08-08 02:30:00,Vancouver Whitecaps,UNAM Pumas,0.0,2.0,Vancouver,Canada,BC Place,leagues_cup,,,,Leagues Cup,,20240808_Vancouver-Whitecaps_UNAM-Pumas,44.6693754651601,0.12,0.67,0,2,0,5,52.2,47.8,4,1,0,0,3,7
2024-08-08 23:30:00,Inter Miami,Toronto FC,4.0,3.0,"Fort Lauderdale, Florida",USA,Chase Stadium,leagues_cup,,,,Leagues Cup,,20240808_Inter-Miami_Toronto-FC,62.48909732665061,1.58,1.74,5,5,14,12,55.7,44.3,2,2,0,0,4,5
2024-08-09 01:00:00,Tigres UANL,Pachuca,1.0,0.0,"Austin, Texas",USA,Q2 Stadium,leagues_cup,,,,Leagues Cup,,20240809_Tigres-UANL_Pachuca,38.314915732533564,1.44,0.44,5,1,11,4,44.9,55.1,4,3,0,0,10,5
2024-08-09 02:30:00,Seattle Sounders,Los Angeles Galaxy,3.0,1.0,"Seattle, Washington",USA,Lumen Field,leagues_cup,,,,Leagues Cup,,20240809_Seattle-Sounders_Los-Angeles-Galaxy,7.4266864470055225,1.01,0.63,3,1,5,0,45.9,54.1,2,3,0,0,4,1
2024-08-09 03:00:00,San Jose Earthquakes,Necaxa,5.0,0.0,"San Jose, California",USA,PayPal Park,leagues_cup,,,,Leagues Cup,,20240809_San-Jose-Earthquakes_Necaxa,-13.556755451163326,1.25,1.06,5,2,10,3,46.4,53.6,2,2,0,0,9,1
2024-08-09 23:30:00,Columbus Crew,Sporting Kansas City,4.0,0.0,"Columbus, Ohio",USA,ScottsMiracle-Gro Field,leagues_cup,,,,Leagues Cup,,20240809_Columbus-Crew_Sporting-Kansas-City,32.51445850488244,0.87,0.05,4,1,9,4,49.2,50.8,1,2,0,0,8,2
2024-08-09 23:30:00,DC United,Mazatlan FC,1.0,2.0,"Washington, District of Columbia",USA,Audi Field,leagues_cup,,,,Leagues Cup,,20240809_DC-United_Mazatlan-FC,9.866420335931934,0.74,1.82,2,6,4,12,47.7,52.3,1,1,0,1,0,11
2024-08-09 23:30:00,FC Cincinnati,Santos Laguna,1.0,1.0,"Cincinnati, Ohio",USA,TQL Stadium,leagues_cup,,,,Leagues Cup,,20240809_FC-Cincinnati_Santos-Laguna,57.169944038078484,1.03,1.73,4,7,9,17,56.7,43.3,1,0,0,0,7,9
2024-08-09 23:30:00,New England Revolution,New York City,1.0,1.0,"Foxborough, Massachusetts",USA,Gillette Stadium,leagues_cup,,,,Leagues Cup,,20240809_New-England-Revolution_New-York-City,45.22312593644142,1.4,0.82,4,2,7,5,55.1,44.9,0,2,0,0,2,3
2024-08-09 23:30:00,Orlando City,Cruz Azul,0.0,0.0,"Orlando, Florida",USA,Inter&Co Stadium,leagues_cup,,,,Leagues Cup,,20240809_Orlando-City_Cruz-Azul,-20.44476515240467,0.88,1.51,1,4,1,7,53.6,46.4,2,1,0,0,1,4
2024-08-09 23:30:00,Philadelphia Union,CF Montreal,2.0,0.0,"Chester, Pennsylvania",USA,Subaru Park,leagues_cup,,,,Leagues Cup,,20240809_Philadelphia-Union_CF-Montreal,58.10724771522655,1.2,0.92,3,4,6,8,49.8,50.2,1,0,0,0,2,4
2024-08-10 00:30:00,St. Louis City,Portland Timbers,3.0,1.0,"St. Louis, Missouri",USA,Energizer Park,leagues_cup,,,,Leagues Cup,,20240810_St.-Louis-City_Portland-Timbers,-21.80763089108973,1.33,0.98,5,4,11,8,46.3,53.7,1,6,0,0,5,3
2024-08-10 00:30:00,Toluca,Houston Dynamo,2.0,2.0,"Houston, Texas",USA,Shell Energy Stadium,leagues_cup,,,,Leagues Cup,,20240810_Toluca_Houston-Dynamo,63.986990636131395,1.82,0.89,4,2,8,4,54.8,45.2,2,3,0,1,4,0
2024-08-10 01:30:00,Juarez,Colorado Rapids,2.0,3.0,"Commerce City, Colorado",USA,Dick's Sporting Goods Park,leagues_cup,,,,Leagues Cup,,20240810_Juarez_Colorado-Rapids,43.73836772917616,0.13,2.36,2,6,5,14,53.4,46.6,0,1,0,0,2,7
2024-08-10 02:00:00,Club America,Atlas,2.0,1.0,"San Diego, California",USA,Snapdragon Stadium,leagues_cup,,,,Leagues Cup,,20240810_Club-America_Atlas,-8.52997624363843,0.92,1.12,2,5,4,10,42.6,57.4,2,3,0,0,1,8
2024-08-13 02:30:00,Seattle Sounders,UNAM Pumas,4.0,0.0,"Seattle, Washington",USA,Lumen Field,leagues_cup,,,,Leagues Cup,,20240813_Seattle-Sounders_UNAM-Pumas,6.148042454338793,0.25,0.18,4,2,7,5,51.5,48.5,1,1,0,0,2,3
2024-08-13 23:30:00,Columbus Crew,Inter Miami,3.0,2.0,"Columbus, Ohio",USA,ScottsMiracle-Gro Field,leagues_cup,,,,Leagues Cup,,20240813_Columbus-Crew_Inter-Miami,-29.145703646248876,1.44,0.83,4,4,10,9,46.3,53.7,2,2,0,0,5,5
2024-08-13 23:30:00,FC Cincinnati,Philadelphia Union,2.0,4.0,"Cincinnati, Ohio",USA,TQL Stadium,leagues_cup,,,,Leagues Cup,,20240813_FC-Cincinnati_Philadelphia-Union,-24.129371357437776,0.97,1.31,4,4,9,10,56.4,43.6,4,3,1,0,5,5
2024-08-14 00:00:00,Cruz Azul,Mazatlan FC,2.0,2.0,"Washington, District of Columbia",USA,Audi Field,leagues_cup,,,,Leagues Cup,,20240814_Cruz-Azul_Mazatlan-FC,6.303854659727222,1.17,1.2,4,4,8,8,53.3,46.7,0,2,0,0,11,6
2024-08-14 00:00:00,Tigres UANL,New York City,1.0,2.0,"Harrison, New Jersey",USA,Sports Illustrated Stadium,leagues_cup,,,,Leagues Cup,,20240814_Tigres-UANL_New-York-City,57.02085783236498,1.64,1.39,4,4,8,8,56.0,44.0,0,0,0,0,4,8
2024-08-14 02:00:00,Toluca,Colorado Rapids,1.0,2.0,"Commerce City, Colorado",USA,Dick's Sporting Goods Park,leagues_cup,,,,Leagues Cup,,20240814_Toluca_Colorado-Rapids,71.00824004191963,1.19,1.67,4,5,10,10,56.4,43.6,4,2,0,0,8,8
2024-08-14 02:30:00,Club America,St. Louis City,4.0,2.0,"Carson, California",USA,Dignity Health Sports Park,leagues_cup,,,,Leagues Cup,,20240814_Club-America_St.-Louis-City,20.298256936434427,2.34,1.24,6,5,12,12,48.9,51.1,1,7,0,0,4,8
2024-08-14 02:30:00,Los Angeles FC,San Jose Earthquakes,4.0,1.0,"Los Angeles, California",USA,BMO Stadium,leagues_cup,,,,Leagues Cup,,20240814_Los-Angeles-FC_San-Jose-Earthquakes,57.90002039217916,1.94,1.18,6,5,12,9,49.6,50.4,1,0,0,0,7,5
2024-08-17 22:00:00,Columbus Crew,New York City,1.0,1.0,"Columbus, Ohio",USA,ScottsMiracle-Gro Field,leagues_cup,,,,Leagues Cup,,20240817_Columbus-Crew_New-York-City,53.15188057686214,0.58,0.7,2,2,6,4,52.8,47.2,2,1,0,0,4,4
2024-08-17 23:30:00,Philadelphia Union,Mazatlan FC,1.0,1.0,"Chester, Pennsylvania",USA,Subaru Park,leagues_cup,,,,Leagues Cup,,20240817_Philadelphia-Union_Mazatlan-FC,53.052299428112974,0.95,0.66,5,1,10,5,49.4,50.6,1,1,0,0,9,4
2024-08-18 00:00:00,Seattle Sounders,Los Angeles FC,0.0,3.0,"Seattle, Washington",USA,Lumen Field,leagues_cup,,,,Leagues Cup,,20240818_Seattle-Sounders_Los-Angeles-FC,-34.5045734369628,0.06,1.63,1,4,2,8,49.6,50.4,1,1,0,0,2,1
2024-08-18 02:00:00,Club America,Colorado Rapids,0.0,0.0,"Carson, California",USA,Dignity Health Sports Park,leagues_cup,,,,Leagues Cup,,20240818_Club-America_Colorado-Rapids,39.7935471884407,0.2,0.73,2,2,5,3,51.2,48.8,1,0,0,0,4,6
2024-08-21 23:30:00,Columbus Crew,Philadelphia Union,3.0,1.0,"Columbus, Ohio",USA,ScottsMiracle-Gro Field,leagues_cup,,,,Leagues Cup,,20240821_Columbus-Crew_Philadelphia-Union,-19.971074527549263,0.66,2.44,3,7,7,16,52.8,47.2,0,3,0,0,3,4
2024-08-22 02:00:00,Los Angeles FC,Colorado Rapids,4.0,0.0,"Los Angeles, California",USA,BMO Stadium,leagues_cup,,,,Leagues Cup,,20240822_Los-Angeles-FC_Colorado-Rapids,58.53874762047462,2.11,0.58,6,2,14,7,51.8,48.2,1,2,0,0,8,3
2024-08-25 20:30:00,Philadelphia Union,Colorado Rapids,2.0,2.0,"Chester, Pennsylvania",USA,Subaru Park,leagues_cup,,,,Leagues Cup,,20240825_Philadelphia-Union_Colorado-Rapids,65.73067436157066,1.21,0.83,7,4,13,7,52.6,47.4,1,3,0,0,17,4
2024-08-25 23:15:00,Columbus Crew,Los Angeles FC,3.0,1.0,"Columbus, Ohio",USA,ScottsMiracle-Gro Field,leagues_cup,,,,Leagues Cup,,20240825_Columbus-Crew_Los-Angeles-FC,-7.395233841754589,1.66,1.73,4,6,9,13,47.4,52.6,0,2,0,0,7,8
2025-07-29 23:00:00,CF Montreal,Club Leon,1.0,1.0,Montreal,Canada,Stade Saputo,leagues_cup,,,,Leagues Cup,,20250729_CF-Montreal_Club-Leon,-37.93541394560316,0.51,1.52,1,5,3,10,49.4,50.6,1,2,0,0,4,7
2025-07-29 23:00:00,Toluca,Columbus Crew,2.0,2.0,"Columbus, Ohio",USA,ScottsMiracle-Gro Field,leagues_cup,,,,Leagues Cup,,20250729_Toluca_Columbus-Crew,-32.59406197532212,0.69,1.08,2,4,5,9,46.6,53.4,0,3,0,0,5,7
2025-07-30 00:00:00,New York City,Puebla,0.0,3.0,"Harrison, New Jersey",USA,Sports Illustrated Stadium,leagues_cup,,,,Leagues Cup,,20250730_New-York-City_Puebla,28.12825629198369,0.17,1.0,0,4,0,11,56.7,43.3,0,2,0,0,3,5
2025-07-30 01:00:00,Tigres UANL,Houston Dynamo,4.0,1.0,"Houston, Texas",USA,Shell Energy Stadium,leagues_cup,,,,Leagues Cup,,20250730_Tigres-UANL_Houston-Dynamo,30.63365602999761,1.18,0.78,4,3,7,7,50.5,49.5,1,2,0,0,4,2
2025-07-30 02:30:00,Los Angeles FC,Mazatlan FC,1.0,1.0,"Los Angeles, California",USA,BMO Stadium,leagues_cup,,,,Leagues Cup,,20250730_Los-Angeles-FC_Mazatlan-FC,37.2735891944651,0.92,0.63,1,1,2,2,55.0,45.0,1,2,0,0,5,1
2025-07-30 03:00:00,Pachuca,San Diego FC,3.0,2.0,"San Diego, California",USA,Snapdragon Stadium,leagues_cup,,,,Leagues Cup,,20250730_Pachuca_San-Diego-FC,-22.733827880098488,1.9,0.32,4,2,8,5,45.5,54.5,2,1,0,0,5,5
2025-07-30 23:30:00,Inter Miami,Atlas,2.0,1.0,"Fort Lauderdale, Florida",USA,Chase Stadium,leagues_cup,,,,Leagues Cup,,20250730_Inter-Miami_Atlas,42.34401759190928,0.51,1.38,2,5,5,13,58.4,41.6,2,2,1,0,7,7
2025-07-30 23:30:00,Necaxa,Atlanta Utd,3.0,1.0,"Atlanta, Georgia",USA,Mercedes-Benz Stadium,leagues_cup,,,,Leagues Cup,,20250730_Necaxa_Atlanta-Utd,-24.303649133957606,1.11,0.82,4,2,7,5,51.7,48.3,1,0,0,0,4,4
2025-07-31 00:00:00,UNAM Pumas,Orlando City,1.0,1.0,"Orlando, Florida",USA,Inter&Co Stadium,leagues_cup,,,,Leagues Cup,,20250731_UNAM-Pumas_Orlando-City,-20.74199390901822,0.93,1.25,3,4,6,8,48.1,51.9,0,0,0,0,6,5
2025-07-31 00:30:00,Minnesota United,Queretaro,4.0,1.0,"Saint Paul, Minnesota",USA,Allianz Field,leagues_cup,,,,Leagues Cup,,20250731_Minnesota-United_Queretaro,0.36124173206758314,0.34,0.85,4,3,9,8,44.6,55.4,1,1,0,0,6,4
2025-07-31 01:30:00,Club America,Real Salt Lake,2.0,2.0,"Sandy, Utah",USA,America First Field,leagues_cup,,,,Leagues Cup,,20250731_Club-America_Real-Salt-Lake,42.239303919952135,1.16,0.66,3,2,5,5,50.4,49.6,2,1,0,0,6,4
2025-07-31 02:30:00,Portland Timbers,Atl. San Luis,4.0,0.0,"Portland, Oregon",USA,Providence Park,leagues_cup,,,,Leagues Cup,,20250731_Portland-Timbers_Atl.-San-Luis,34.21681891677531,2.2,0.98,6,4,14,10,57.2,42.8,0,0,0,0,4,4
2025-07-31 23:00:00,Monterrey,FC Cincinnati,2.0,3.0,"Cincinnati, Ohio",USA,TQL Stadium,leagues_cup,,,,Leagues Cup,,20250731_Monterrey_FC-Cincinnati,-4.406144123503736,1.46,1.33,4,3,9,6,47.4,52.6,1,1,0,0,9,3
2025-07-31 23:30:00,Charlotte,Juarez,1.0,4.0,"Charlotte, North Carolina",USA,Bank of America Stadium,leagues_cup,,,,Leagues Cup,,20250731_Charlotte_Juarez,3.6934878871750243,0.6,1.25,4,4,10,11,52.4,47.6,4,1,0,0,6,9
2025-07-31 23:30:00,Guadalajara Chivas,New York Red Bulls,0.0,1.0,"Harrison, New Jersey",USA,Sports Illustrated Stadium,leagues_cup,,,,Leagues Cup,,20250731_Guadalajara-Chivas_New-York-Red-Bulls,-44.710971390351006,1.18,1.06,4,4,8,9,43.7,56.3,0,4,0,0,10,8
2025-08-01 01:30:00,Colorado Rapids,Santos Laguna,2.0,1.0,"Commerce City, Colorado",USA,Dick's Sporting Goods Park,leagues_cup,,,,Leagues Cup,,20250801_Colorado-Rapids_Santos-Laguna,10.558964377844859,0.97,1.84,2,6,3,13,48.4,51.6,2,2,0,0,1,6
2025-08-01 02:30:00,Cruz Azul,Seattle Sounders,0.0,7.0,"Seattle, Washington",USA,Lumen Field,leagues_cup,,,,Leagues Cup,,20250801_Cruz-Azul_Seattle-Sounders,20.647170854344267,1.14,2.52,3,7,9,14,49.2,50.8,1,0,0,0,7,5
2025-08-01 03:00:00,Los Angeles Galaxy,Club Tijuana,5.0,2.0,"Carson, California",USA,Dignity Health Sports Park,leagues_cup,,,,Leagues Cup,,20250801_Los-Angeles-Galaxy_Club-Tijuana,12.362834627332404,1.58,0.05,5,2,11,1,52.8,47.2,0,0,0,0,3,1
2025-08-01 22:00:00,New York City,Club Leon,2.0,0.0,"Harrison, New Jersey",USA,Sports Illustrated Stadium,leagues_cup,,,,Leagues Cup,,20250801_New-York-City_Club-Leon,-31.599444255486333,0.69,0.56,2,2,6,7,49.7,50.3,1,0,0,0,5,4
2025-08-01 23:00:00,Columbus Crew,Puebla,3.0,1.0,"Columbus, Ohio",USA,ScottsMiracle-Gro Field,leagues_cup,,,,Leagues Cup,,20250801_Columbus-Crew_Puebla,88.489447694629,1.15,1.06,3,3,6,5,48.4,51.6,1,0,0,0,4,3
2025-08-02 00:30:00,Houston Dynamo,Mazatlan FC,0.0,2.0,"Houston, Texas",USA,Shell Energy Stadium,leagues_cup,,,,Leagues Cup,,20250802_Houston-Dynamo_Mazatlan-FC,-35.62937108561209,0.76,0.29,2,2,4,4,41.2,58.8,0,5,0,0,2,4
2025-08-02 01:00:00,Toluca,CF Montreal,2.0,1.0,"Harrison, New Jersey",USA,Sports Illustrated Stadium,leagues_cup,,,,Leagues Cup,,20250802_Toluca_CF-Montreal,59.67671084719109,2.55,0.05,8,1,16,4,43.8,56.2,2,1,0,0,8,4
2025-08-02 02:30:00,Los Angeles FC,Pachuca,1.0,1.0,"Los Angeles, California",USA,BMO Stadium,leagues_cup,,,,Leagues Cup,,20250802_Los-Angeles-FC_Pachuca,61.70256013741164,1.19,0.31,4,2,10,3,50.3,49.7,0,1,0,0,7,2
2025-08-02 03:00:00,Tigres UANL,San Diego FC,2.0,1.0,"San Diego, California",USA,Snapdragon Stadium,leagues_cup,,,,Leagues Cup,,20250802_Tigres-UANL_San-Diego-FC,46.72189194698217,1.07,0.89,5,3,10,6,51.3,48.7,1,3,0,0,4,4
2025-08-02 22:00:00,Orlando City,Atlas,3.0,1.0,"Orlando, Florida",USA,Inter&Co Stadium,leagues_cup,,,,Leagues Cup,,20250802_Orlando-City_Atlas,3.003500388160546,1.4,0.27,6,2,14,5,44.7,55.3,0,2,0,0,10,2
2025-08-02 23:00:00,Inter Miami,Necaxa,2.0,2.0,"Fort Lauderdale, Florida",USA,Chase Stadium,leagues_cup,,,,Leagues Cup,,20250802_Inter-Miami_Necaxa,82.68808454006603,1.58,0.88,3,4,6,10,53.1,46.9,0,3,0,0,7,7
2025-08-03 01:00:00,Club America,Minnesota United,3.0,3.0,"Houston, Texas",USA,Shell Energy Stadium,leagues_cup,,,,Leagues Cup,,20250803_Club-America_Minnesota-United,31.25588464759585,2.05,1.0,6,4,13,9,48.1,51.9,0,0,0,0,9,7
2025-08-03 01:00:00,UNAM Pumas,Atlanta Utd,3.0,2.0,"Orlando, Florida",USA,Inter&Co Stadium,leagues_cup,,,,Leagues Cup,,20250803_UNAM-Pumas_Atlanta-Utd,4.319758468807777,1.22,0.05,6,2,13,5,55.8,44.2,2,2,0,0,9,2
2025-08-03 01:30:00,Real Salt Lake,Atl. San Luis,2.0,2.0,"Sandy, Utah",USA,America First Field,leagues_cup,,,,Leagues Cup,,20250803_Real-Salt-Lake_Atl.-San-Luis,38.17760889342844,1.5,0.39,5,2,11,6,51.7,48.3,3,2,0,1,4,5
2025-08-03 03:00:00,Portland Timbers,Queretaro,1.0,0.0,"Portland, Oregon",USA,Providence Park,leagues_cup,,,,Leagues Cup,,20250803_Portland-Timbers_Queretaro,33.939573696562775,1.68,1.37,4,4,9,9,54.8,45.2,0,2,0,0,6,6
2025-08-03 21:30:00,FC Cincinnati,Juarez,2.0,2.0,"Cincinnati, Ohio",USA,TQL Stadium,leagues_cup,,,,Leagues Cup,,20250803_FC-Cincinnati_Juarez,22.550400746517198,0.95,0.78,3,2,7,7,51.3,48.7,1,3,0,0,2,8
2025-08-03 23:50:00,Guadalajara Chivas,Charlotte,2.0,2.0,"Charlotte, North Carolina",USA,Bank of America Stadium,leagues_cup,,,,Leagues Cup,,20250803_Guadalajara-Chivas_Charlotte,-23.607274143831546,0.87,1.48,4,6,7,13,46.6,53.4,0,0,0,1,4,7
2025-08-04 00:50:00,Monterrey,New York Red Bulls,1.0,1.0,"Cincinnati, Ohio",USA,TQL Stadium,leagues_cup,,,,Leagues Cup,,20250804_Monterrey_New-York-Red-Bulls,-27.021864416997914,2.39,1.95,8,6,18,14,48.7,51.3,2,2,0,0,10,3
2025-08-04 01:30:00,Colorado Rapids,Club Tijuana,1.0,2.0,"Commerce City, Colorado",USA,Dick's Sporting Goods Park,leagues_cup,,,,Leagues Cup,,20250804_Colorado-Rapids_Club-Tijuana,57.29733505822014,0.52,1.26,3,4,5,9,45.9,54.1,2,1,0,0,4,4
2025-08-04 02:30:00,Los Angeles Galaxy,Cruz Azul,1.0,1.0,"Carson, California",USA,Dignity Health Sports Park,leagues_cup,,,,Leagues Cup,,20250804_Los-Angeles-Galaxy_Cruz-Azul,-28.25096486574489,1.18,0.87,2,1,3,3,45.0,55.0,1,1,0,0,3,2
2025-08-04 02:30:00,Seattle Sounders,Santos Laguna,2.0,1.0,"Seattle, Washington",USA,Lumen Field,leagues_cup,,,,Leagues Cup,,20250804_Seattle-Sounders_Santos-Laguna,45.07004031236943,2.51,1.54,6,5,11,12,50.2,49.8,1,2,0,0,5,5
2025-08-05 23:30:00,Columbus Crew,Club Leon,1.0,0.0,"Columbus, Ohio",USA,ScottsMiracle-Gro Field,leagues_cup,,,,Leagues Cup,,20250805_Columbus-Crew_Club-Leon,76.79704904694381,0.33,0.42,2,1,5,1,55.5,44.5,2,2,0,0,3,3
2025-08-05 23:30:00,Toluca,New York City,2.0,1.0,New York City,USA,Yankee Stadium,leagues_cup,,,,Leagues Cup,,20250805_Toluca_New-York-City,52.82132877683216,1.45,1.1,4,3,10,7,49.8,50.2,2,5,0,0,6,6
2025-08-06 00:00:00,CF Montreal,Puebla,1.0,2.0,Montreal,Canada,Stade Saputo,leagues_cup,,,,Leagues Cup,,20250806_CF-Montreal_Puebla,-2.487163849267972,0.55,0.4,1,2,2,4,44.9,55.1,1,1,0,0,3,5
2025-08-06 00:30:00,Houston Dynamo,Pachuca,1.0,2.0,"Houston, Texas",USA,Shell Energy Stadium,leagues_cup,,,,Leagues Cup,,20250806_Houston-Dynamo_Pachuca,-21.518170393046375,1.11,2.1,4,7,11,14,49.1,50.9,0,0,0,0,7,9
2025-08-06 02:00:00,Mazatlan FC,San Diego FC,0.0,2.0,"San Diego, California",USA,Snapdragon Stadium,leagues_cup,,,,Leagues Cup,,20250806_Mazatlan-FC_San-Diego-FC,50.99787988918888,0.31,0.89,0,4,4,9,53.2,46.8,0,3,0,0,2,6
2025-08-06 02:30:00,Tigres UANL,Los Angeles FC,1.0,2.0,"Los Angeles, California",USA,BMO Stadium,leagues_cup,,,,Leagues Cup,,20250806_Tigres-UANL_Los-Angeles-FC,-5.310054574901642,0.62,1.45,3,4,6,11,53.7,46.3,2,0,0,0,3,6
2025-08-06 23:00:00,Orlando City,Necaxa,5.0,1.0,"Orlando, Florida",USA,Inter&Co Stadium,leagues_cup,,,,Leagues Cup,,20250806_Orlando-City_Necaxa,31.351239254448956,1.76,0.97,6,3,11,8,54.1,45.9,4,1,0,0,9,3
2025-08-06 23:30:00,Atlanta Utd,Atlas,4.0,1.0,"Atlanta, Georgia",USA,Mercedes-Benz Stadium,leagues_cup,,,,Leagues Cup,,20250806_Atlanta-Utd_Atlas,-20.581688778518128,1.18,0.5,4,1,9,4,49.7,50.3,0,2,0,0,4,12
2025-08-06 23:30:00,Inter Miami,UNAM Pumas,3.0,1.0,"Fort Lauderdale, Florida",USA,Chase Stadium,leagues_cup,,,,Leagues Cup,,20250806_Inter-Miami_UNAM-Pumas,65.08675448309509,2.05,2.25,6,6,11,13,45.5,54.5,1,2,0,0,10,5
2025-08-07 00:30:00,Minnesota United,Atl. San Luis,0.0,2.0,"Saint Paul, Minnesota",USA,Allianz Field,leagues_cup,,,,Leagues Cup,,20250807_Minnesota-United_Atl.-San-Luis,46.02084215099603,0.24,0.82,0,2,0,4,49.3,50.7,1,2,0,0,1,3
2025-08-07 01:30:00,Club America,Portland Timbers,1.0,1.0,"Austin, Texas",USA,Q2 Stadium,leagues_cup,,,,Leagues Cup,,20250807_Club-America_Portland-Timbers,9.744478699965157,0.46,1.82,3,5,7,10,51.3,48.7,1,3,0,0,3,5
2025-08-07 01:30:00,Real Salt Lake,Queretaro,1.0,0.0,"Sandy, Utah",USA,America First Field,leagues_cup,,,,Leagues Cup,,20250807_Real-Salt-Lake_Queretaro,25.774522623074517,0.83,0.24,1,0,3,1,56.1,43.9,2,1,0,0,6,1
2025-08-07 03:00:00,Seattle Sounders,Club Tijuana,2.0,1.0,"Seattle, Washington",USA,Lumen Field,leagues_cup,,,,Leagues Cup,,20250807_Seattle-Sounders_Club-Tijuana,65.02835110582578,1.85,0.8,6,1,13,0,56.8,43.2,3,1,0,0,6,3
2025-08-07 23:00:00,FC Cincinnati,Guadalajara Chivas,1.0,2.0,"Cincinnati, Ohio",USA,TQL Stadium,leagues_cup,,,,Leagues Cup,,20250807_FC-Cincinnati_Guadalajara-Chivas,65.12742923674386,1.1,0.93,4,3,9,5,48.6,51.4,1,1,0,0,9,4
2025-08-07 23:30:00,Monterrey,Charlotte,0.0,2.0,"Charlotte, North Carolina",USA,Bank of America Stadium,leagues_cup,,,,Leagues Cup,,20250807_Monterrey_Charlotte,16.75578427598225,0.05,2.38,0,6,0,13,53.5,46.5,1,0,0,0,2,6
2025-08-07 23:30:00,New York Red Bulls,Juarez,1.0,1.0,"Harrison, New Jersey",USA,Sports Illustrated Stadium,leagues_cup,,,,Leagues Cup,,20250807_New-York-Red-Bulls_Juarez,19.761274159030336,1.73,1.27,5,3,12,6,57.6,42.4,0,1,0,0,6,2
2025-08-08 00:30:00,Cruz Azul,Colorado Rapids,2.0,2.0,"Carson, California",USA,Dignity Health Sports Park,leagues_cup,,,,Leagues Cup,,20250808_Cruz-Azul_Colorado-Rapids,19.450453529394053,0.78,0.83,2,2,6,4,50.0,50.0,4,1,0,0,6,3
2025-08-08 03:15:00,Los Angeles Galaxy,Santos Laguna,4.0,0.0,"Carson, California",USA,Dignity Health Sports Park,leagues_cup,,,,Leagues Cup,,20250808_Los-Angeles-Galaxy_Santos-Laguna,23.467285154958745,1.4,1.18,5,3,13,5,53.3,46.7,1,1,0,0,7,3
2025-08-21 00:00:00,Inter Miami,Tigres UANL,2.0,1.0,"Fort Lauderdale, Florida",USA,Chase Stadium,leagues_cup,,,,Leagues Cup,,20250821_Inter-Miami_Tigres-UANL,35.167369229967335,1.09,1.06,5,3,12,6,62.1,37.9,2,1,0,0,9,4
2025-08-21 00:50:00,Toluca,Orlando City,0.0,0.0,"Carson, California",USA,Dignity Health Sports Park,leagues_cup,,,,Leagues Cup,,20250821_Toluca_Orlando-City,35.73135628654609,0.05,0.05,0,0,0,1,48.4,51.6,0,1,0,0,0,2
2025-08-21 03:00:00,Seattle Sounders,Puebla,0.0,0.0,"Seattle, Washington",USA,Lumen Field,leagues_cup,,,,Leagues Cup,,20250821_Seattle-Sounders_Puebla,48.66398187771506,0.58,0.05,0,0,0,0,52.2,47.8,3,0,1,0,0,0
2025-08-21 03:45:00,Los Angeles Galaxy,Pachuca,2.0,1.0,"Carson, California",USA,Dignity Health Sports Park,leagues_cup,,,,Leagues Cup,,20250821_Los-Angeles-Galaxy_Pachuca,-12.404054547382884,1.51,0.94,4,5,8,11,50.6,49.4,1,1,0,0,5,3
2025-08-28 00:30:00,Inter Miami,Orlando City,3.0,1.0,"Fort Lauderdale, Florida",USA,Chase Stadium,leagues_cup,,,,Leagues Cup,,20250828_Inter-Miami_Orlando-City,54.147939410774825,1.69,1.31,7,2,16,3,54.6,45.4,3,2,0,0,11,2
2025-08-28 02:45:00,Los Angeles Galaxy,Seattle Sounders,0.0,2.0,"Carson, California",USA,Dignity Health Sports Park,leagues_cup,,,,Leagues Cup,,20250828_Los-Angeles-Galaxy_Seattle-Sounders,-26.99781218478938,0.21,1.49,1,4,4,5,52.9,47.1,1,2,0,0,4,1
2025-08-31 21:00:00,Los Angeles Galaxy,Orlando City,2.0,1.0,"Carson, California",USA,Dignity Health Sports Park,leagues_cup,,,,Leagues Cup,,20250831_Los-Angeles-Galaxy_Orlando-City,-21.809493583677522,0.65,0.05,3,1,8,2,49.9,50.1,0,0,0,0,6,2
2025-09-01 00:00:00,Seattle Sounders,Inter Miami,3.0,0.0,"Seattle, Washington",USA,Lumen Field,leagues_cup,,,,Leagues Cup,,20250901_Seattle-Sounders_Inter-Miami,-47.110404475139376,0.33,1.32,3,4,7,10,47.8,52.2,3,3,0,0,2,4
2026-08-04 23:45:00,Columbus Crew,Atlas,3.0,1.0,"Columbus, Ohio",USA,ScottsMiracle-Gro Field,leagues_cup,,,,Leagues Cup,,20260804_Columbus-Crew_Atlas,114.75622195421465,1.87,0.81,5,2,13,5,53.6,46.4,1,0,0,1,4,4
2026-08-04 23:45:00,FC Cincinnati,Pachuca,3.0,1.0,"Cincinnati, Ohio",USA,TQL Stadium,leagues_cup,,,,Leagues Cup,,20260804_FC-Cincinnati_Pachuca,26.38834869301354,1.05,1.16,5,5,10,12,56.9,43.1,3,2,0,0,4,8
2026-08-05 00:30:00,Minnesota United,Juarez,1.0,2.0,"Saint Paul, Minnesota",USA,Allianz Field,leagues_cup,,,,Leagues Cup,,20260805_Minnesota-United_Juarez,-22.68723079316851,0.89,1.63,4,5,10,12,50.2,49.8,3,1,0,0,8,7
2026-08-05 01:22:00,Charlotte,UNAM Pumas,3.0,0.0,"Charlotte, North Carolina",USA,Bank of America Stadium,leagues_cup,,,,Leagues Cup,,20260805_Charlotte_UNAM-Pumas,17.9885148883086,1.26,0.05,4,0,9,2,49.3,50.7,5,2,0,0,4,1
2026-08-05 02:00:00,Tigres UANL,Real Salt Lake,1.0,1.0,"Sandy, Utah",USA,America First Field,leagues_cup,,,,Leagues Cup,,20260805_Tigres-UANL_Real-Salt-Lake,18.905601609649466,1.03,1.64,3,5,7,11,55.8,44.2,3,1,0,0,1,10
2026-08-05 02:30:00,Vancouver Whitecaps,Atlante,0.0,1.0,Vancouver,Canada,BC Place,leagues_cup,,,,Leagues Cup,,20260805_Vancouver-Whitecaps_Atlante,9.641768343737112,1.04,0.51,2,3,4,6,55.7,44.3,3,2,0,0,7,4
2026-08-05 23:30:00,Inter Miami,Atl. San Luis,4.0,2.0,"Miami, Florida",USA,Nu Stadium,leagues_cup,,,,Leagues Cup,,20260805_Inter-Miami_Atl.-San-Luis,105.26160705001143,1.62,1.51,6,4,10,7,44.8,55.2,3,2,0,0,9,4
2026-08-06 00:30:00,FC Dallas,Queretaro,2.0,0.0,Mansfield,USA,Texas Health Mansfield Stadium,leagues_cup,,,,Leagues Cup,,20260806_FC-Dallas_Queretaro,43.54096963427719,1.61,0.77,4,3,9,6,53.0,47.0,4,1,0,0,5,5
2026-08-06 00:30:00,Nashville SC,Club Leon,0.0,1.0,"Nashville, Tennessee",USA,GEODIS Park,leagues_cup,,,,Leagues Cup,,20260806_Nashville-SC_Club-Leon,22.26466749876704,0.62,0.94,2,3,5,5,53.5,46.5,2,0,0,0,3,1
2026-08-06 00:55:00,Monterrey,Orlando City,1.0,2.0,"Orlando, Florida",USA,Inter&Co Stadium,leagues_cup,,,,Leagues Cup,,20260806_Monterrey_Orlando-City,-8.79931656309418,0.86,1.58,2,5,4,10,50.7,49.3,1,1,0,0,3,5
2026-08-06 02:00:00,Toluca,Seattle Sounders,3.0,0.0,Toluca,Mexico,Estadio Nemesio Díez Riega,leagues_cup,,,,Leagues Cup,,20260806_Toluca_Seattle-Sounders,2.4722228388600342,1.06,0.6,3,1,6,2,51.5,48.5,1,1,0,0,6,2
2026-08-06 02:30:00,Los Angeles FC,Guadalajara Chivas,1.0,1.0,"Los Angeles, California",USA,BMO Stadium,leagues_cup,,,,Leagues Cup,,20260806_Los-Angeles-FC_Guadalajara-Chivas,80.76386373661808,1.77,0.49,4,2,11,4,60.0,40.0,3,0,0,0,4,2
2026-08-06 23:30:00,New York City,Santos Laguna,2.0,0.0,"Harrison, New Jersey",USA,Red Bull Arena,leagues_cup,,,,Leagues Cup,,20260806_New-York-City_Santos-Laguna,40.46296384230368,1.16,1.1,3,5,8,12,48.5,51.5,3,5,0,0,2,4
2026-08-07 00:00:00,Cruz Azul,Philadelphia Union,1.0,0.0,"Chester, Pennsylvania",USA,Subaru Park,leagues_cup,,,,Leagues Cup,,20260807_Cruz-Azul_Philadelphia-Union,-44.790021320481856,1.19,0.81,4,1,12,2,51.4,48.6,0,1,0,0,7,3
2026-08-07 00:30:00,Chicago Fire,Necaxa,2.0,0.0,"Bridgeview, Illinois",USA,SeatGeek Stadium,leagues_cup,,,,Leagues Cup,,20260807_Chicago-Fire_Necaxa,-3.5480540237176683,0.05,1.04,2,4,6,11,56.9,43.1,3,2,0,0,7,3
2026-08-07 01:00:00,Austin FC,Club Tijuana,2.0,0.0,"Austin, Texas",USA,Q2 Stadium,leagues_cup,,,,Leagues Cup,,20260807_Austin-FC_Club-Tijuana,43.52715077473135,1.62,0.42,5,0,9,1,51.0,49.0,4,0,0,0,13,2
2026-08-07 02:00:00,Club America,San Diego FC,3.0,1.0,Mexico City,Mexico,Estadio Banorte,leagues_cup,,,,Leagues Cup,,20260807_Club-America_San-Diego-FC,40.37781728112395,1.03,1.42,3,4,6,8,53.4,46.6,4,5,0,0,6,4
2026-08-07 02:30:00,Portland Timbers,Puebla,5.0,2.0,"Portland, Oregon",USA,Providence Park,leagues_cup,,,,Leagues Cup,,20260807_Portland-Timbers_Puebla,36.76034275421057,1.79,1.33,5,5,11,11,54.6,45.4,4,1,0,0,3,9
2026-08-07 23:30:00,Charlotte,Atlas,2.0,0.0,"Charlotte, North Carolina",USA,Bank of America Stadium,leagues_cup,,,,Leagues Cup,,20260807_Charlotte_Atlas,47.91414477016019,1.23,0.05,4,0,8,1,49.5,50.5,1,0,0,0,4,2
2026-08-07 23:30:00,Columbus Crew,Pachuca,2.0,1.0,"Columbus, Ohio",USA,ScottsMiracle-Gro Field,leagues_cup,,,,Leagues Cup,,20260807_Columbus-Crew_Pachuca,115.70248074010533,0.36,1.23,2,4,7,6,60.3,39.7,2,1,0,0,5,6
2026-08-08 00:27:00,FC Cincinnati,UNAM Pumas,2.0,0.0,"Cincinnati, Ohio",USA,TQL Stadium,leagues_cup,,,,Leagues Cup,,20260808_FC-Cincinnati_UNAM-Pumas,56.80476226281576,0.32,1.08,3,4,7,10,55.0,45.0,1,0,0,0,6,4
2026-08-08 01:00:00,Tigres UANL,Minnesota United,0.0,0.0,"Saint Paul, Minnesota",USA,Allianz Field,leagues_cup,,,,Leagues Cup,,20260808_Tigres-UANL_Minnesota-United,43.692587188324524,0.7,0.98,2,3,3,5,50.1,49.9,1,0,0,0,3,2
2026-08-08 02:30:00,Vancouver Whitecaps,Juarez,1.0,3.0,Vancouver,Canada,BC Place,leagues_cup,,,,Leagues Cup,,20260808_Vancouver-Whitecaps_Juarez,-25.196165159840803,0.87,1.86,4,5,7,10,48.5,51.5,1,1,0,0,4,6
2026-08-08 22:30:00,Orlando City,Club Leon,1.0,2.0,"Orlando, Florida",USA,Inter&Co Stadium,leagues_cup,,,,Leagues Cup,,20260808_Orlando-City_Club-Leon,8.507690108508086,0.31,1.2,1,5,3,10,45.1,54.9,0,4,0,0,1,8
2026-08-09 00:00:00,Inter Miami,Monterrey,1.0,2.0,"Miami, Florida",USA,Nu Stadium,leagues_cup,,,,Leagues Cup,,20260809_Inter-Miami_Monterrey,102.5397292585476,0.71,1.15,1,5,2,10,50.5,49.5,0,0,0,1,2,2
2026-08-09 01:00:00,Guadalajara Chivas,FC Dallas,0.0,1.0,"San Jose, California",USA,PayPal Park,leagues_cup,,,,Leagues Cup,,20260809_Guadalajara-Chivas_FC-Dallas,-25.432788753531895,0.63,1.22,2,2,4,4,46.0,54.0,0,0,0,0,0,4
2026-08-09 02:00:00,Real Salt Lake,Atlante,4.0,0.0,"Sandy, Utah",USA,America First Field,leagues_cup,,,,Leagues Cup,,20260809_Real-Salt-Lake_Atlante,-8.858550581089048,1.91,1.44,5,4,11,8,46.3,53.7,3,2,0,0,6,5
2026-08-09 03:10:00,Toluca,Los Angeles FC,0.0,1.0,"Los Angeles, California",USA,BMO Stadium,leagues_cup,,,,Leagues Cup,,20260809_Toluca_Los-Angeles-FC,10.792349715654609,0.05,0.65,0,1,0,3,49.1,50.9,3,1,0,0,1,6
2026-08-09 19:30:00,Seattle Sounders,Queretaro,3.0,0.0,"Seattle, Washington",USA,Lumen Field,leagues_cup,,,,Leagues Cup,,20260809_Seattle-Sounders_Queretaro,98.89028084148481,0.89,1.19,4,3,8,7,56.6,43.4,3,1,0,0,4,8
2026-08-09 23:30:00,Cruz Azul,New York City,2.0,1.0,"Harrison, New Jersey",USA,Red Bull Arena,leagues_cup,,,,Leagues Cup,,20260809_Cruz-Azul_New-York-City,22.757409447874352,1.45,1.11,4,2,9,3,53.7,46.3,0,1,0,0,11,6
2026-08-09 23:30:00,Philadelphia Union,Necaxa,3.0,1.0,"Chester, Pennsylvania",USA,Subaru Park,leagues_cup,,,,Leagues Cup,,20260809_Philadelphia-Union_Necaxa,78.924129039224,1.12,1.49,3,5,6,12,47.2,52.8,0,0,0,0,7,3
2026-08-10 00:00:00,Chicago Fire,Santos Laguna,3.0,1.0,"Bridgeview, Illinois",USA,SeatGeek Stadium,leagues_cup,,,,Leagues Cup,,20260810_Chicago-Fire_Santos-Laguna,43.92382186025543,2.16,1.11,7,4,15,9,45.8,54.2,3,2,0,1,6,5
2026-08-10 00:00:00,Nashville SC,Atl. San Luis,4.0,1.0,"Nashville, Tennessee",USA,GEODIS Park,leagues_cup,,,,Leagues Cup,,20260810_Nashville-SC_Atl.-San-Luis,40.07796254395271,1.33,0.4,4,1,8,3,47.8,52.2,0,1,0,1,8,9
2026-08-10 01:00:00,Austin FC,Puebla,3.0,0.0,"Austin, Texas",USA,Q2 Stadium,leagues_cup,,,,Leagues Cup,,20260810_Austin-FC_Puebla,27.172664807070078,0.39,0.36,3,1,5,2,56.1,43.9,1,4,0,0,5,2
2026-08-10 02:00:00,San Diego FC,Club Tijuana,1.0,0.0,"San Diego, California",USA,Snapdragon Stadium,leagues_cup,,,,Leagues Cup,,20260810_San-Diego-FC_Club-Tijuana,42.94084025182974,1.29,0.28,5,3,12,6,50.3,49.7,0,3,0,0,5,5
2026-08-10 02:15:00,Club America,Portland Timbers,3.0,1.0,"Portland, Oregon",USA,Providence Park,leagues_cup,,,,Leagues Cup,,20260810_Club-America_Portland-Timbers,8.948115492485385,0.81,0.76,3,2,7,4,42.5,57.5,2,0,0,0,1,0
2026-08-11 23:30:00,Columbus Crew,UNAM Pumas,1.0,1.0,"Columbus, Ohio",USA,ScottsMiracle-Gro Field,leagues_cup,,,,Leagues Cup,,20260811_Columbus-Crew_UNAM-Pumas,142.13880476248164,0.72,1.29,2,3,3,8,57.7,42.3,1,1,0,0,5,1
2026-08-12 00:00:00,FC Cincinnati,Atlas,1.0,2.0,"Cincinnati, Ohio",USA,TQL Stadium,leagues_cup,,,,Leagues Cup,,20260812_FC-Cincinnati_Atlas,84.38273183066144,0.47,1.02,3,2,7,2,48.9,51.1,0,1,0,0,6,3
2026-08-12 00:30:00,Minnesota United,Atlante,3.0,1.0,"Saint Paul, Minnesota",USA,Allianz Field,leagues_cup,,,,Leagues Cup,,20260812_Minnesota-United_Atlante,-21.14312107273372,1.79,0.77,5,2,10,1,51.9,48.1,3,0,1,0,8,1
2026-08-12 00:52:00,Charlotte,Pachuca,0.0,1.0,"Charlotte, North Carolina",USA,Bank of America Stadium,leagues_cup,,,,Leagues Cup,,20260812_Charlotte_Pachuca,51.01201338400642,1.27,0.87,3,3,8,5,50.7,49.3,1,1,1,0,5,4
2026-08-12 01:30:00,Real Salt Lake,Juarez,3.0,0.0,"Sandy, Utah",USA,America First Field,leagues_cup,,,,Leagues Cup,,20260812_Real-Salt-Lake_Juarez,-17.85600571600139,0.29,0.75,3,1,9,2,52.5,47.5,4,1,0,0,9,1
2026-08-12 02:00:00,Tigres UANL,Vancouver Whitecaps,1.0,1.0,San Nicolás de los Garza,Mexico,Estadio Universitario,leagues_cup,,,,Leagues Cup,,20260812_Tigres-UANL_Vancouver-Whitecaps,33.396570809680725,1.01,0.65,1,2,1,5,56.6,43.4,2,1,0,0,3,5
2026-08-12 23:30:00,Inter Miami,Club Leon,2.0,3.0,"Miami, Florida",USA,Nu Stadium,leagues_cup,,,,Leagues Cup,,20260812_Inter-Miami_Club-Leon,51.119792698616266,1.73,0.96,4,3,9,7,44.6,55.4,0,3,0,0,7,2
2026-08-12 23:30:00,Orlando City,Atl. San Luis,2.0,2.0,"Orlando, Florida",USA,Inter&Co Stadium,leagues_cup,,,,Leagues Cup,,20260812_Orlando-City_Atl.-San-Luis,50.184949059182145,1.17,1.1,2,4,5,8,55.6,44.4,3,2,0,0,5,4
2026-08-13 00:00:00,Monterrey,Nashville SC,2.0,1.0,"Nashville, Tennessee",USA,GEODIS Park,leagues_cup,,,,Leagues Cup,,20260813_Monterrey_Nashville-SC,-15.592336300870329,1.48,0.64,5,3,11,9,51.0,49.0,1,0,0,0,4,6
2026-08-13 02:00:00,Toluca,FC Dallas,3.0,1.0,Toluca,Mexico,Estadio Nemesio Díez Riega,leagues_cup,,,,Leagues Cup,,20260813_Toluca_FC-Dallas,37.14703513051518,2.37,0.36,6,1,14,4,51.4,48.6,1,3,0,1,6,2
2026-08-13 02:15:00,San Diego FC,Puebla,3.0,2.0,"San Diego, California",USA,Snapdragon Stadium,leagues_cup,,,,Leagues Cup,,20260813_San-Diego-FC_Puebla,27.165250874479625,1.15,0.68,4,2,11,6,58.7,41.3,1,0,0,0,10,4
2026-08-13 02:30:00,Los Angeles FC,Queretaro,1.0,1.0,"Los Angeles, California",USA,BMO Stadium,leagues_cup,,,,Leagues Cup,,20260813_Los-Angeles-FC_Queretaro,135.4458085769852,1.03,0.85,4,2,9,3,53.6,46.4,2,1,0,0,5,4
2026-08-13 02:30:00,Seattle Sounders,Guadalajara Chivas,1.0,2.0,"Seattle, Washington",USA,Lumen Field,leagues_cup,,,,Leagues Cup,,20260813_Seattle-Sounders_Guadalajara-Chivas,79.57109655326894,1.45,1.9,4,7,11,15,55.0,45.0,0,3,0,0,4,9
2026-08-13 23:00:00,Philadelphia Union,Santos Laguna,0.0,2.0,"Chester, Pennsylvania",USA,Subaru Park,leagues_cup,,,,Leagues Cup,,20260813_Philadelphia-Union_Santos-Laguna,121.96187614480482,0.94,0.67,1,2,3,5,58.4,41.6,1,0,0,0,2,6
2026-08-13 23:30:00,New York City,Necaxa,1.0,2.0,"Harrison, New Jersey",USA,Red Bull Arena,leagues_cup,,,,Leagues Cup,,20260813_New-York-City_Necaxa,36.55854505668958,0.52,0.31,1,2,4,3,53.4,46.6,3,1,0,1,3,3
2026-08-14 00:30:00,Club America,Austin FC,1.0,1.0,"Austin, Texas",USA,Q2 Stadium,leagues_cup,,,,Leagues Cup,,20260814_Club-America_Austin-FC,40.63352535784952,0.41,0.63,1,3,2,6,55.7,44.3,1,0,1,0,5,4
2026-08-14 01:00:00,Cruz Azul,Chicago Fire,1.0,2.0,"Bridgeview, Illinois",USA,SeatGeek Stadium,leagues_cup,,,,Leagues Cup,,20260814_Cruz-Azul_Chicago-Fire,41.23819076676841,2.14,1.46,6,6,15,12,56.7,43.3,0,1,0,0,13,5
2026-08-14 02:30:00,Portland Timbers,Club Tijuana,3.0,1.0,"Portland, Oregon",USA,Providence Park,leagues_cup,,,,Leagues Cup,,20260814_Portland-Timbers_Club-Tijuana,94.42720152000766,2.01,0.99,6,3,12,7,53.0,47.0,1,3,0,0,6,6
2026-08-26 00:30:00,Monterrey,Chicago Fire,2.0,1.0,"Bridgeview, Illinois",USA,SeatGeek Stadium,leagues_cup,,,,Leagues Cup,,20260826_Monterrey_Chicago-Fire,6.525973266351912,1.34,1.08,7,4,14,9,51.5,48.5,1,1,1,0,8,3
2026-08-26 02:30:00,Club Leon,Real Salt Lake,3.0,0.0,"Commerce City, Colorado",USA,Dick's Sporting Goods Park,leagues_cup,,,,Leagues Cup,,20260826_Club-Leon_Real-Salt-Lake,2.2677551366725766,1.9,0.05,7,2,15,5,54.0,46.0,0,1,0,0,2,2
2026-08-27 00:30:00,Toluca,Austin FC,2.0,0.0,"Harrison, New Jersey",USA,Red Bull Arena,leagues_cup,,,,Leagues Cup,,20260827_Toluca_Austin-FC,53.8488258798086,1.29,0.27,3,3,7,6,50.1,49.9,2,0,0,0,6,6
2026-08-27 02:45:00,Club America,Columbus Crew,2.0,0.0,"Carson, California",USA,Dignity Health Sports Park,leagues_cup,,,,Leagues Cup,,20260827_Club-America_Columbus-Crew,-47.24131320682318,0.69,0.92,2,0,4,0,43.2,56.8,2,1,0,0,3,4
2026-09-03 01:00:00,Toluca,Club Leon,2.0,0.0,"Houston, Texas",USA,Shell Energy Stadium,leagues_cup,,,,Leagues Cup,,20260903_Toluca_Club-Leon,35.43067307183833,1.56,1.12,4,4,8,7,51.2,48.8,1,3,0,1,6,5
2026-09-03 03:30:00,Club America,Monterrey,2.0,2.0,"Carson, California",USA,Dignity Health Sports Park,leagues_cup,,,,Leagues Cup,,20260903_Club-America_Monterrey,44.78536451552145,1.02,1.16,2,2,7,5,55.1,44.9,0,2,0,0,5,2
